name,degree,address,tel
헨지스에너지 구도일주유소 도봉,,서울 도봉구 도봉로 706,02-3491-3454
송만에너지 도봉제일주유소,,서울 도봉구 도봉로 783,02-955-5185
오복주유소,,서울 도봉구 방학로 43,02-3494-1500
극동유화 대안주유소,,서울 도봉구 마들로 574,02-996-6640
서현주유소,0.0,서울 도봉구 방학로 142,02-954-5400
자연에너지 햇살주유소,,서울 도봉구 방학로 142,02-954-4555
노원교주유소,,서울 도봉구 마들로 776,02-956-5189
HD현대오일뱅크직영 영신주유소,,서울 도봉구 방학로 151,02-956-5152
GS칼텍스 방학동주유소,,서울 도봉구 방학로 186,02-3493-5189
쌍문주유소,,서울 도봉구 도봉로 547,02-992-0220
소모 수락산셀프주유소,,서울 노원구 동일로 1772,02-3392-5656
이케이에너지 도선주유소,,서울 도봉구 도봉로 941,02-3494-3641
SK에너지 상계주유소,,서울 노원구 노해로 527,02-930-5151
상계동주유소,,서울 노원구 노원로26길 191,02-936-5035
구도일 파크빌주유소,,서울 도봉구 해등로3길 86,02-906-5104
장암주유소,,경기 의정부시 동일로 30,031-875-5151
원에너지 호원주유소,,경기 의정부시 평화로 10,031-875-0911
쌍문셀프주유소,,서울 도봉구 쌍문동 342-1,02-998-9704
삼미북부셀프주유소,,서울 도봉구 도봉로 437,02-992-5561
동일석유 창동주유소,,서울 도봉구 도봉로 434,02-902-5544
대성산업 신창주유소,,서울 도봉구 덕릉로 267,02-905-4441
구도일 불암주유소,,서울 노원구 한글비석로 268,02-932-6850
하주에너지 수유동주유소,3.9,서울 강북구 도봉로 395,02-902-9470
석천주유소,,경기 의정부시 동일로 110,031-877-8621
현대오일뱅크직영 하계주유소,,서울 노원구 노원로17길 29,02-975-1386
정건에너지,0.0,서울 노원구 노원로17길 29,02-975-1386
신광주유소 대성석유직영점,,서울 강북구 삼양로 484,02-908-3320
HD현대오일뱅크직영 번동셀프주유소,,서울 강북구 한천로 963,02-992-3331
현대오일뱅크 직영번동셀프주유소,0.0,서울 강북구 번동 410-94,
덕릉로주유소,,서울 강북구 덕릉로 158,02-989-9806
북서울고속주유소,,서울 강북구 삼양로 410,02-907-5182
훼미리제2주유소,,경기 의정부시 동일로 207,031-878-5151
하계삼호주유소,,서울 노원구 공릉로 294,02-974-8818
신성주유소,,서울 노원구 월계로 328,02-916-4334
서울에너지 시민주유소,,서울 강북구 인수봉로 185,02-907-9496
석산에너지주유소,,서울 강북구 삼양로 316,02-980-1448
성북역주유소,,서울 노원구 광운로 95,02-919-8141
월계주유소,,서울 노원구 월계로 252,02-917-7650
씨앤에스유통 미아셀프주유소,,서울 강북구 도봉로 200,02-945-7999
한신주유소,,서울 노원구 동일로 1089,02-974-5151
에덴주유소,,서울 강북구 월계로 195,02-987-8182
덕흥주유소,,경기 남양주시 덕릉로 1101,031-527-5577
지에스이앤알 미아주유소,,서울 강북구 도봉로 122,02-987-5152
SK에너지 매일주유소,,서울 강북구 삼양로 217,02-982-8855
GS칼텍스 호원주유소,,경기 의정부시 평화로 317,031-879-5189
SK에너지 드림랜드주유소,,서울 성북구 월계로 128,02-916-9906
별내신도시주유소,,경기 남양주시 순화궁로 605,031-529-9039
태릉솔밭주유소,,서울 노원구 노원로 49,02-976-5189
별넷주유소,,경기 남양주시 불암산로 27,031-527-0503
원천주유소,,서울 성북구 돌곶이로 142,070-4063-1057
스마일주유소,,경기 남양주시 불암로 77,031-575-6177
HD현대오일뱅크 별내2호주유소,,경기 남양주시 불암로 70,031-527-5189
하늘에너지주유소 별내지점,,경기 남양주시 순화궁로 513,031-572-5153
신동방주유소,,서울 성북구 월계로 84,02-918-5151
화랑대주유소,,서울 노원구 화랑로 483,02-977-9697
장삼쌍둥이주유소,,서울 성북구 한천로 612,02-909-0314
배꽃나라주유소,,서울 노원구 화랑로 466,02-973-5172
씨앤에스에너지 장암IC주유소,,경기 의정부시 금신로 30,031-826-5252
우리주유소,,서울 성북구 화랑로 292,02-969-5185
삼육주유소,,서울 노원구 화랑로 822,02-949-3677
GS칼텍스 화랑주유소,,서울 성북구 화랑로 185,02-942-5152
GS칼텍스 세창주유소,,서울 성북구 동소문로 323,02-988-2491
재정제2주유소 길음지점,,서울 성북구 삼양로 78,02-980-1311
신용 구도일주유소 화랑로주유소,,서울 성북구 화랑로 174,02-963-0051
흥산에너지주유소,,경기 의정부시 금신로 91,031-848-0723
유성주유소,,경기 의정부시 송산로 913,031-841-2254
미래주유소,,경기 의정부시 동일로 492,031-821-4225
범아주유소,,서울 중랑구 동일로 881,02-974-8356
SK에너지 엔크린주유소,,경기 의정부시 경의로 20,031-877-5477
해와달주유소,0.0,경기 의정부시 경의로 45,
지앤에스셀프주유소,0.0,경기 의정부시 경의로 45,031-873-5189
기쁨가득주유소,,경기 의정부시 경의로 45,031-873-5189
일조에너지 별내셀프주유소,,경기 남양주시 순화궁로 122,031-572-2834
호원IC주유소,,경기 의정부시 경의로 5,031-876-5188
대성산업 의정부주유소,,경기 의정부시 평화로 468,031-877-2548
